Keyword,Count
motivational,5
motivational speech,4
ksi,3
insta,3
kannada,3
ufc,3
code sykkuno,3
sykkuno,3
game,3
gameplay,3
twitter,2
part,2
channel,2
data,2
code,2
shorts,2
speech,2
new,2
world,2
set,2
usa,2
thanks,2
video,2
english,2
lilypichu,2
helldivers,2
review,2
india,2
instagram,2
excel,2
games,2
tickets,2
à°¬à°°à°¯à°¨,2
eregowda,1
sathish,1
car,1
sathish eregowda,1
tour,1
ğğğ¬ğ­,1
ğ‚ğšğ«ğ,1
ğ‚ğ«ğğğ¢ğ­ ğ‚ğšğ«ğ,1
ğˆğƒğ…ğ‚,1
ğ’ğğˆ,1
ğ‚ğ«ğğğ¢ğ­,1
quints,1
ğ‡ğƒğ…ğ‚,1
aakash,1
used,1
offroad,1
buy,1
edited,1
mic,1
music used,1
mic set,1
mavix,1
members badge,1
behind scenes,1
scenes,1
aakash gupta,1
gupta,1
live,1
stories,1
tumblr,1
instagram tiktok,1
swift,1
taylor swift,1
music video,1
taylor,1
follow taylor,1
official music,1
ppv,1
connect ufc,1
fight,1
shop,1
inner,1
visit shop,1
shop official,1
official ufc,1
visit,1
love,1
follow,1
facebook,1
badge,1
mavix chairs,1
dash cam,1
cars idiots,1
ahmed,1
prepare,1
à°¹à°Ÿà°²,1
sabeel,1
viral,1
muslim,1
islam,1
sabeel ahmed,1
chamberlain,1
cars compilation,1
compilation,1
à°¸à°ªà°·à°²,1
à°šà°•à°¨,1
cars,1
idiots,1
idiots cars,1
best,1
wheel,1
steering wheel,1
steering,1
otg,1
emma chamberlain,1
chicago,1
grid,1
makeup,1
watching,1
thanks watching,1
painted,1
data science,1
twitter instagram,1
data analytics,1
know,1
tati,1
production,1
send,1
training,1
online training,1
games playlist,1
online,1
watches,1
movie,1
first,1
star,1
watch,1
chapter,1
use,1
paruchuri,1
links,1
